id	data	dia_semana	hora_inicio	hora_fim	data_fim	pilar	titulo_pt	titulo_es	titulo_en	descricao_pt	descricao_es	descricao_en	local_pt	local_es	local_en	palestrante	marca	logo_url	inscricao	link_inscricao	destaque
of-17-01	2026-09-17	quinta-feira	10:00	20:00		oficial	UTMB Expo	UTMB Expo	UTMB Expo				Expo	Expo	Expo		Paraty Brazil by UTMB		livre		
of-17-02	2026-09-17	quinta-feira	10:00	20:00		oficial	Retirada de kits	Retiro de kits	Bib pickup				Expo	Expo	Expo		Paraty Brazil by UTMB		livre		sim
of-17-03	2026-09-17	quinta-feira	12:00	20:00		oficial	Drop bag	Drop bag	Drop bag				Expo	Expo	Expo		Paraty Brazil by UTMB		livre		
of-17-04	2026-09-17	quinta-feira	16:00			oficial	Abertura oficial	Apertura oficial	Official opening				Expo	Expo	Expo		Paraty Brazil by UTMB		livre		sim
of-17-05	2026-09-17	quinta-feira	17:30			oficial	Briefing técnico PTR 108	Briefing técnico PTR 108	PTR 108 technical briefing				Expo	Expo	Expo		Paraty Brazil by UTMB		livre		
of-18-01	2026-09-18	sexta-feira	10:00	21:00		oficial	UTMB Expo	UTMB Expo	UTMB Expo				Expo	Expo	Expo		Paraty Brazil by UTMB		livre		
of-18-02	2026-09-18	sexta-feira	10:00	21:00		oficial	Retirada de kits	Retiro de kits	Bib pickup				Expo	Expo	Expo		Paraty Brazil by UTMB		livre		
of-18-03	2026-09-18	sexta-feira	10:00	17:00		oficial	Drop bag e guarda-volume	Drop bag y guardarropa	Drop bag and bag storage	Limite para os atletas da PTR 108 deixarem as bags antes da largada das 19h.	Límite para que los atletas de la PTR 108 dejen las bags antes de la salida de las 19h.	Deadline for PTR 108 athletes to leave their bags before the 19h start.	Expo	Expo	Expo		Paraty Brazil by UTMB		livre		
of-18-04	2026-09-18	sexta-feira	12:00			oficial	Apresentação de atletas de elite	Presentación de atletas de élite	Elite athlete presentation				Expo	Expo	Expo		Paraty Brazil by UTMB		livre		
of-18-05	2026-09-18	sexta-feira	13:00			oficial	Briefing técnico PTR 58	Briefing técnico PTR 58	PTR 58 technical briefing				Expo	Expo	Expo		Paraty Brazil by UTMB		livre		
of-18-06	2026-09-18	sexta-feira	13:30			oficial	Briefing técnico PTR 34	Briefing técnico PTR 34	PTR 34 technical briefing				Expo	Expo	Expo		Paraty Brazil by UTMB		livre		
of-18-07	2026-09-18	sexta-feira	14:00			oficial	Briefing técnico PTR 25	Briefing técnico PTR 25	PTR 25 technical briefing				Expo	Expo	Expo		Paraty Brazil by UTMB		livre		
of-18-08	2026-09-18	sexta-feira	14:30			oficial	Briefing técnico PTR 17	Briefing técnico PTR 17	PTR 17 technical briefing				Expo	Expo	Expo		Paraty Brazil by UTMB		livre		
of-18-09	2026-09-18	sexta-feira	19:00			oficial	Largada PTR 108	Salida PTR 108	PTR 108 start				Arena de largada e chegada	Arena de salida y llegada	Start and finish arena		Paraty Brazil by UTMB		livre		sim
of-19-01	2026-09-19	sabado	04:00	08:00		oficial	Guarda-volume, depósito para as largadas matinais	Guardarropa, depósito para las salidas matinales	Bag storage, drop off for the morning starts				Arena e Expo	Arena y Expo	Arena and Expo		Paraty Brazil by UTMB		livre		
of-19-02	2026-09-19	sabado	05:00			oficial	Largada PTR 58	Salida PTR 58	PTR 58 start				Arena de largada e chegada	Arena de salida y llegada	Start and finish arena		Paraty Brazil by UTMB		livre		sim
of-19-03	2026-09-19	sabado	06:00			oficial	Largada PTR 34	Salida PTR 34	PTR 34 start				Arena de largada e chegada	Arena de salida y llegada	Start and finish arena		Paraty Brazil by UTMB		livre		sim
of-19-04	2026-09-19	sabado	08:00			oficial	Largada PTR 25	Salida PTR 25	PTR 25 start				Arena de largada e chegada	Arena de salida y llegada	Start and finish arena		Paraty Brazil by UTMB		livre		sim
of-19-05	2026-09-19	sabado	08:00	16:00		oficial	Retirada de kits, último dia	Retiro de kits, último día	Bib pickup, last day				Expo	Expo	Expo		Paraty Brazil by UTMB		livre		sim
of-19-06	2026-09-19	sabado	10:00	18:00		oficial	UTMB Expo	UTMB Expo	UTMB Expo				Expo	Expo	Expo		Paraty Brazil by UTMB		livre		
of-19-07	2026-09-19	sabado	10:00	19:00		oficial	Drop bag e guarda-volume, retirada	Drop bag y guardarropa, retiro	Drop bag and bag storage, collection	Chegada prevista das bags à arena às 16h.	Llegada prevista de las bags a la arena a las 16h.	Bags are expected to arrive at the arena at 16h.	Expo	Expo	Expo		Paraty Brazil by UTMB		livre		
of-19-08	2026-09-19	sabado	14:00			oficial	Largada PTR 17	Salida PTR 17	PTR 17 start				Fazenda Bananal	Fazenda Bananal	Fazenda Bananal		Paraty Brazil by UTMB		livre		sim
of-19-09	2026-09-19	sabado	15:00			oficial	Guarda-volume PTR 17	Guardarropa PTR 17	PTR 17 bag storage	Os itens retornam da Fazenda Bananal e ficam disponíveis para retirada em Paraty.	Los artículos vuelven de la Fazenda Bananal y quedan disponibles para retirar en Paraty.	Items return from Fazenda Bananal and can be collected in Paraty.	Arena e Expo	Arena y Expo	Arena and Expo		Paraty Brazil by UTMB		livre		
of-19-10	2026-09-19	sabado	15:00			oficial	Limite PTR 25	Limite PTR 25	PTR 25 cut-off				Arena de largada e chegada	Arena de salida y llegada	Start and finish arena		Paraty Brazil by UTMB		livre		
of-19-11	2026-09-19	sabado	16:00			oficial	Limite PTR 34	Limite PTR 34	PTR 34 cut-off				Arena de largada e chegada	Arena de salida y llegada	Start and finish arena		Paraty Brazil by UTMB		livre		
of-19-12	2026-09-19	sabado	18:30			oficial	Limite PTR 17	Limite PTR 17	PTR 17 cut-off				Arena de largada e chegada	Arena de salida y llegada	Start and finish arena		Paraty Brazil by UTMB		livre		
of-19-13	2026-09-19	sabado	21:00			oficial	Limite PTR 58	Limite PTR 58	PTR 58 cut-off				Arena de largada e chegada	Arena de salida y llegada	Start and finish arena		Paraty Brazil by UTMB		livre		
of-20-01	2026-09-20	domingo	01:00			oficial	Limite PTR 108	Limite PTR 108	PTR 108 cut-off				Arena de largada e chegada	Arena de salida y llegada	Start and finish arena		Paraty Brazil by UTMB		livre		
of-20-02	2026-09-20	domingo	07:00			oficial	Largada RUN 7	Salida RUN 7	RUN 7 start				Arena de largada e chegada	Arena de salida y llegada	Start and finish arena		Paraty Brazil by UTMB		livre		sim
of-20-03	2026-09-20	domingo	09:00			oficial	Kids	Kids	Kids				Arena de largada e chegada	Arena de salida y llegada	Start and finish arena		Paraty Brazil by UTMB		livre		sim
of-20-04	2026-09-20	domingo	10:00	13:00		oficial	UTMB Expo	UTMB Expo	UTMB Expo				Expo	Expo	Expo		Paraty Brazil by UTMB		livre		
of-20-05	2026-09-20	domingo	10:00	12:00		oficial	Drop bag e guarda-volume, retirada	Drop bag y guardarropa, retiro	Drop bag and bag storage, collection				Expo	Expo	Expo		Paraty Brazil by UTMB		livre		
of-20-06	2026-09-20	domingo	10:30			oficial	Premiação	Premiación	Awards ceremony				Expo	Expo	Expo		Paraty Brazil by UTMB		livre		sim
of-20-07	2026-09-20	domingo	12:00			oficial	Encerramento do evento	Cierre del evento	Event closing				Expo	Expo	Expo		Paraty Brazil by UTMB		livre		sim
at-mombora-treinao-1	2026-09-18	sexta-feira	08:30	10:00		ativacao	Treinão MOMBORA	Entrenamiento MOMBORA	MOMBORA group run	Treinão em conjunto com a COLUMBIA. Ponto de encontro a confirmar.	Entrenamiento en conjunto con COLUMBIA. Punto de encuentro por confirmar.	Group run together with COLUMBIA. Meeting point to be confirmed.	A confirmar	Por confirmar	To be confirmed		MOMBORA	https://app-utmb.github.io/utmb-paraty-agenda/logos/mombora.png	invite		sim
at-hoka-medalha-1	2026-09-19	sabado	14:00	20:00		ativacao	Gravação de medalhas	Grabado de medallas	Medal engraving	Personalize a sua medalha no estande da HOKA. Cadastro obrigatório, feito no estande pelo QR code.	Personaliza tu medalla en el stand de HOKA. Registro obligatorio, hecho en el stand por el código QR.	Personalise your medal at the HOKA booth. Registration required, done at the booth via QR code.	Estande HOKA, B1	Stand HOKA, B1	HOKA booth, B1		HOKA	https://app-utmb.github.io/utmb-paraty-agenda/logos/hoka.png	previa		sim
at-hoka-medalha-2	2026-09-20	domingo	10:00	14:00		ativacao	Gravação de medalhas	Grabado de medallas	Medal engraving	Personalize a sua medalha no estande da HOKA. Cadastro obrigatório, feito no estande pelo QR code.	Personaliza tu medalla en el stand de HOKA. Registro obligatorio, hecho en el stand por el código QR.	Personalise your medal at the HOKA booth. Registration required, done at the booth via QR code.	Estande HOKA, B1	Stand HOKA, B1	HOKA booth, B1		HOKA	https://app-utmb.github.io/utmb-paraty-agenda/logos/hoka.png	previa		sim
at-hoka-test-run-1	2026-09-17	quinta-feira	10:00	18:00		ativacao	HOKA Test Run	HOKA Test Run	HOKA Test Run	Teste um tênis HOKA por até 2h. Cadastro obrigatório, feito no estande pelo QR code.	Prueba un tenis HOKA por hasta 2h. Registro obligatorio, hecho en el stand por el código QR.	Try HOKA shoes for up to 2h. Registration required, done at the booth via QR code.	Estande HOKA, B1	Stand HOKA, B1	HOKA booth, B1		HOKA	https://app-utmb.github.io/utmb-paraty-agenda/logos/hoka.png	previa		sim
at-hoka-test-run-2	2026-09-18	sexta-feira	10:00	18:00		ativacao	HOKA Test Run	HOKA Test Run	HOKA Test Run	Teste um tênis HOKA por até 2h. Cadastro obrigatório, feito no estande pelo QR code.	Prueba un tenis HOKA por hasta 2h. Registro obligatorio, hecho en el stand por el código QR.	Try HOKA shoes for up to 2h. Registration required, done at the booth via QR code.	Estande HOKA, B1	Stand HOKA, B1	HOKA booth, B1		HOKA	https://app-utmb.github.io/utmb-paraty-agenda/logos/hoka.png	previa		sim
at-hoka-test-run-3	2026-09-19	sabado	10:00	18:00		ativacao	HOKA Test Run	HOKA Test Run	HOKA Test Run	Teste um tênis HOKA por até 2h. Cadastro obrigatório, feito no estande pelo QR code.	Prueba un tenis HOKA por hasta 2h. Registro obligatorio, hecho en el stand por el código QR.	Try HOKA shoes for up to 2h. Registration required, done at the booth via QR code.	Estande HOKA, B1	Stand HOKA, B1	HOKA booth, B1		HOKA	https://app-utmb.github.io/utmb-paraty-agenda/logos/hoka.png	previa		sim
at-hoka-apitos-1	2026-09-17	quinta-feira	10:00	20:00		ativacao	Apitos HOKA	Silbatos HOKA	HOKA whistles	Passe no estande da HOKA na Expo e confira as regras para ganhar o seu.	Pasa por el stand de HOKA en la Expo y mira las reglas para ganar el tuyo.	Stop by the HOKA booth at the Expo and check the rules to get yours.	Estande HOKA, B1	Stand HOKA, B1	HOKA booth, B1		HOKA	https://app-utmb.github.io/utmb-paraty-agenda/logos/hoka.png	livre		
at-hoka-apitos-2	2026-09-18	sexta-feira	10:00	21:00		ativacao	Apitos HOKA	Silbatos HOKA	HOKA whistles	Passe no estande da HOKA na Expo e confira as regras para ganhar o seu.	Pasa por el stand de HOKA en la Expo y mira las reglas para ganar el tuyo.	Stop by the HOKA booth at the Expo and check the rules to get yours.	Estande HOKA, B1	Stand HOKA, B1	HOKA booth, B1		HOKA	https://app-utmb.github.io/utmb-paraty-agenda/logos/hoka.png	livre		
at-hoka-apitos-3	2026-09-19	sabado	10:00	18:00		ativacao	Apitos HOKA	Silbatos HOKA	HOKA whistles	Passe no estande da HOKA na Expo e confira as regras para ganhar o seu.	Pasa por el stand de HOKA en la Expo y mira las reglas para ganar el tuyo.	Stop by the HOKA booth at the Expo and check the rules to get yours.	Estande HOKA, B1	Stand HOKA, B1	HOKA booth, B1		HOKA	https://app-utmb.github.io/utmb-paraty-agenda/logos/hoka.png	livre		
at-hoka-apitos-4	2026-09-20	domingo	10:00	13:00		ativacao	Apitos HOKA	Silbatos HOKA	HOKA whistles	Passe no estande da HOKA na Expo e confira as regras para ganhar o seu.	Pasa por el stand de HOKA en la Expo y mira las reglas para ganar el tuyo.	Stop by the HOKA booth at the Expo and check the rules to get yours.	Estande HOKA, B1	Stand HOKA, B1	HOKA booth, B1		HOKA	https://app-utmb.github.io/utmb-paraty-agenda/logos/hoka.png	livre		
at-hoka-batecos-1	2026-09-19	sabado	10:00	21:00		ativacao	Batecos e cartazes HOKA	Batecos y carteles HOKA	HOKA clappers and signs	Procure a equipe da HOKA nas chegadas para fazer barulho e deixar a sua mensagem.	Busca al equipo de HOKA en las llegadas para hacer ruido y dejar tu mensaje.	Find the HOKA team at the finish to cheer and leave your message.	Arena de largada e chegada	Arena de salida y llegada	Start and finish arena		HOKA	https://app-utmb.github.io/utmb-paraty-agenda/logos/hoka.png	livre		
at-hoka-batecos-2	2026-09-20	domingo	10:00	13:00		ativacao	Batecos e cartazes HOKA	Batecos y carteles HOKA	HOKA clappers and signs	Procure a equipe da HOKA nas chegadas para fazer barulho e deixar a sua mensagem.	Busca al equipo de HOKA en las llegadas para hacer ruido y dejar tu mensaje.	Find the HOKA team at the finish to cheer and leave your message.	Arena de largada e chegada	Arena de salida y llegada	Start and finish arena		HOKA	https://app-utmb.github.io/utmb-paraty-agenda/logos/hoka.png	livre		
at-nnormal-tenis-1	2026-09-17	quinta-feira	10:00	20:00		ativacao	Experimentação de tênis	Prueba de zapatillas	Shoe try-on	Experimente os modelos NNormal no estande. Inscrição pelo formulário da marca.	Prueba los modelos NNormal en el stand. Inscripción por el formulario de la marca.	Try the NNormal models at the booth. Sign up through the brand form.	Estande NNormal, D9	Stand NNormal, D9	NNormal booth, D9		NNormal	https://app-utmb.github.io/utmb-paraty-agenda/logos/nnormal.png	previa	https://forms.gle/LbXWJoMqmAEo1RqeA	
at-nnormal-tenis-2	2026-09-18	sexta-feira	10:00	21:00		ativacao	Experimentação de tênis	Prueba de zapatillas	Shoe try-on	Experimente os modelos NNormal no estande. Inscrição pelo formulário da marca.	Prueba los modelos NNormal en el stand. Inscripción por el formulario de la marca.	Try the NNormal models at the booth. Sign up through the brand form.	Estande NNormal, D9	Stand NNormal, D9	NNormal booth, D9		NNormal	https://app-utmb.github.io/utmb-paraty-agenda/logos/nnormal.png	previa	https://forms.gle/LbXWJoMqmAEo1RqeA	
at-nnormal-tenis-3	2026-09-19	sabado	10:00	18:00		ativacao	Experimentação de tênis	Prueba de zapatillas	Shoe try-on	Experimente os modelos NNormal no estande. Inscrição pelo formulário da marca.	Prueba los modelos NNormal en el stand. Inscripción por el formulario de la marca.	Try the NNormal models at the booth. Sign up through the brand form.	Estande NNormal, D9	Stand NNormal, D9	NNormal booth, D9		NNormal	https://app-utmb.github.io/utmb-paraty-agenda/logos/nnormal.png	previa	https://forms.gle/LbXWJoMqmAEo1RqeA	
at-coros-cacada-1	2026-09-17	quinta-feira	10:00	20:00		ativacao	Caça ao tesouro COROS	Búsqueda del tesoro COROS	COROS treasure hunt	Vagas limitadas, inscrição no estande.	Cupos limitados, inscripción en el stand.	Limited places, sign up at the booth.	Estande COROS, D9	Stand COROS, D9	COROS booth, D9		COROS	https://app-utmb.github.io/utmb-paraty-agenda/logos/coros.png	previa		
at-coros-cacada-2	2026-09-18	sexta-feira	10:00	21:00		ativacao	Caça ao tesouro COROS	Búsqueda del tesoro COROS	COROS treasure hunt	Vagas limitadas, inscrição no estande.	Cupos limitados, inscripción en el stand.	Limited places, sign up at the booth.	Estande COROS, D9	Stand COROS, D9	COROS booth, D9		COROS	https://app-utmb.github.io/utmb-paraty-agenda/logos/coros.png	previa		
at-coros-cacada-3	2026-09-19	sabado	10:00	18:00		ativacao	Caça ao tesouro COROS	Búsqueda del tesoro COROS	COROS treasure hunt	Vagas limitadas, inscrição no estande.	Cupos limitados, inscripción en el stand.	Limited places, sign up at the booth.	Estande COROS, D9	Stand COROS, D9	COROS booth, D9		COROS	https://app-utmb.github.io/utmb-paraty-agenda/logos/coros.png	previa		
at-vivas-roleta-1	2026-09-17	quinta-feira	14:00	18:00		ativacao	Roleta de descontos	Ruleta de descuentos	Discount wheel	Gire a roleta e leve o desconto que sair.	Gira la ruleta y llévate el descuento.	Spin the wheel and take the discount.	Estande VIVÁS MOVE, D8	Stand VIVÁS MOVE, D8	VIVÁS MOVE booth, D8		VIVÁS MOVE	https://app-utmb.github.io/utmb-paraty-agenda/logos/vivas-move.png	livre		
at-vivas-roleta-2	2026-09-18	sexta-feira	14:00	18:00		ativacao	Roleta de descontos	Ruleta de descuentos	Discount wheel	Gire a roleta e leve o desconto que sair.	Gira la ruleta y llévate el descuento.	Spin the wheel and take the discount.	Estande VIVÁS MOVE, D8	Stand VIVÁS MOVE, D8	VIVÁS MOVE booth, D8		VIVÁS MOVE	https://app-utmb.github.io/utmb-paraty-agenda/logos/vivas-move.png	livre		
at-drpeanut-degustacao-1	2026-09-17	quinta-feira	10:00	20:00		ativacao	Degustação DR PEANUT	Degustación DR PEANUT	DR PEANUT tasting	Proteína, pasta de amendoim e barra proteica na airfryer.	Proteína, pasta de maní y barra proteica en la airfryer.	Protein, peanut butter and protein bar from the airfryer.	Estande DR PEANUT, D4	Stand DR PEANUT, D4	DR PEANUT booth, D4		DR PEANUT	https://app-utmb.github.io/utmb-paraty-agenda/logos/dr-peanut.png	livre		
at-drpeanut-degustacao-2	2026-09-18	sexta-feira	10:00	21:00		ativacao	Degustação DR PEANUT	Degustación DR PEANUT	DR PEANUT tasting	Proteína, pasta de amendoim e barra proteica na airfryer.	Proteína, pasta de maní y barra proteica en la airfryer.	Protein, peanut butter and protein bar from the airfryer.	Estande DR PEANUT, D4	Stand DR PEANUT, D4	DR PEANUT booth, D4		DR PEANUT	https://app-utmb.github.io/utmb-paraty-agenda/logos/dr-peanut.png	livre		
at-drpeanut-degustacao-3	2026-09-19	sabado	10:00	18:00		ativacao	Degustação DR PEANUT	Degustación DR PEANUT	DR PEANUT tasting	Proteína, pasta de amendoim e barra proteica na airfryer.	Proteína, pasta de maní y barra proteica en la airfryer.	Protein, peanut butter and protein bar from the airfryer.	Estande DR PEANUT, D4	Stand DR PEANUT, D4	DR PEANUT booth, D4		DR PEANUT	https://app-utmb.github.io/utmb-paraty-agenda/logos/dr-peanut.png	livre		
at-drpeanut-degustacao-4	2026-09-20	domingo	10:00	13:00		ativacao	Degustação DR PEANUT	Degustación DR PEANUT	DR PEANUT tasting	Proteína, pasta de amendoim e barra proteica na airfryer.	Proteína, pasta de maní y barra proteica en la airfryer.	Protein, peanut butter and protein bar from the airfryer.	Estande DR PEANUT, D4	Stand DR PEANUT, D4	DR PEANUT booth, D4		DR PEANUT	https://app-utmb.github.io/utmb-paraty-agenda/logos/dr-peanut.png	livre		
at-mombora-degustacao-1	2026-09-17	quinta-feira	10:00	20:00		ativacao	Degustação da linha completa	Degustación de la línea completa	Full range tasting	Prove a linha completa, com canapé de Ultrabutter e pipoca com caramelo salgado.	Prueba la línea completa, con canapé de Ultrabutter y palomitas con caramelo salado.	Taste the full range, with Ultrabutter canapés and salted caramel popcorn.	Estande MOMBORA, F8	Stand MOMBORA, F8	MOMBORA booth, F8		MOMBORA	https://app-utmb.github.io/utmb-paraty-agenda/logos/mombora.png	livre		
at-mombora-degustacao-2	2026-09-18	sexta-feira	10:00	21:00		ativacao	Degustação da linha completa	Degustación de la línea completa	Full range tasting	Prove a linha completa, com canapé de Ultrabutter e pipoca com caramelo salgado.	Prueba la línea completa, con canapé de Ultrabutter y palomitas con caramelo salado.	Taste the full range, with Ultrabutter canapés and salted caramel popcorn.	Estande MOMBORA, F8	Stand MOMBORA, F8	MOMBORA booth, F8		MOMBORA	https://app-utmb.github.io/utmb-paraty-agenda/logos/mombora.png	livre		
at-mombora-degustacao-3	2026-09-19	sabado	10:00	18:00		ativacao	Degustação da linha completa	Degustación de la línea completa	Full range tasting	Prove a linha completa, com canapé de Ultrabutter e pipoca com caramelo salgado.	Prueba la línea completa, con canapé de Ultrabutter y palomitas con caramelo salado.	Taste the full range, with Ultrabutter canapés and salted caramel popcorn.	Estande MOMBORA, F8	Stand MOMBORA, F8	MOMBORA booth, F8		MOMBORA	https://app-utmb.github.io/utmb-paraty-agenda/logos/mombora.png	livre		
at-mombora-degustacao-4	2026-09-20	domingo	10:00	13:00		ativacao	Degustação da linha completa	Degustación de la línea completa	Full range tasting	Prove a linha completa, com canapé de Ultrabutter e pipoca com caramelo salgado.	Prueba la línea completa, con canapé de Ultrabutter y palomitas con caramelo salado.	Taste the full range, with Ultrabutter canapés and salted caramel popcorn.	Estande MOMBORA, F8	Stand MOMBORA, F8	MOMBORA booth, F8		MOMBORA	https://app-utmb.github.io/utmb-paraty-agenda/logos/mombora.png	livre		
at-mombora-compre-ganhe-1	2026-09-17	quinta-feira	10:00	20:00		ativacao	Compre e ganhe	Compra y gana	Buy and get	Na compra, ganhe flasks, bonés e mochila. Desconto progressivo no estande.	Con tu compra, gana flasks, gorras y mochila. Descuento progresivo en el stand.	Buy and get flasks, caps and a backpack. Progressive discount at the booth.	Estande MOMBORA, F8	Stand MOMBORA, F8	MOMBORA booth, F8		MOMBORA	https://app-utmb.github.io/utmb-paraty-agenda/logos/mombora.png	livre		
at-mombora-compre-ganhe-2	2026-09-18	sexta-feira	10:00	21:00		ativacao	Compre e ganhe	Compra y gana	Buy and get	Na compra, ganhe flasks, bonés e mochila. Desconto progressivo no estande.	Con tu compra, gana flasks, gorras y mochila. Descuento progresivo en el stand.	Buy and get flasks, caps and a backpack. Progressive discount at the booth.	Estande MOMBORA, F8	Stand MOMBORA, F8	MOMBORA booth, F8		MOMBORA	https://app-utmb.github.io/utmb-paraty-agenda/logos/mombora.png	livre		
at-mombora-compre-ganhe-3	2026-09-19	sabado	10:00	18:00		ativacao	Compre e ganhe	Compra y gana	Buy and get	Na compra, ganhe flasks, bonés e mochila. Desconto progressivo no estande.	Con tu compra, gana flasks, gorras y mochila. Descuento progresivo en el stand.	Buy and get flasks, caps and a backpack. Progressive discount at the booth.	Estande MOMBORA, F8	Stand MOMBORA, F8	MOMBORA booth, F8		MOMBORA	https://app-utmb.github.io/utmb-paraty-agenda/logos/mombora.png	livre		
at-mombora-compre-ganhe-4	2026-09-20	domingo	10:00	13:00		ativacao	Compre e ganhe	Compra y gana	Buy and get	Na compra, ganhe flasks, bonés e mochila. Desconto progressivo no estande.	Con tu compra, gana flasks, gorras y mochila. Descuento progresivo en el stand.	Buy and get flasks, caps and a backpack. Progressive discount at the booth.	Estande MOMBORA, F8	Stand MOMBORA, F8	MOMBORA booth, F8		MOMBORA	https://app-utmb.github.io/utmb-paraty-agenda/logos/mombora.png	livre		
at-strava-veja-brunch-1	2026-09-18	sexta-feira	07:30			ativacao	Brunch e Shake Out Strava + VEJA	Brunch y Shake Out Strava + VEJA	Strava + VEJA brunch and shake out	Corrida leve seguida de brunch. Apenas para convidados, local revelado a quem recebeu o convite.	Trote suave seguido de brunch. Solo para invitados, el lugar se revela a quien recibió la invitación.	Easy shake out run followed by brunch. Invite only, the venue is shared with guests.	Local secreto	Lugar secreto	Secret location		Strava; VEJA	https://app-utmb.github.io/utmb-paraty-agenda/logos/strava.png	invite		
at-yopp-oculos-1	2026-09-17	quinta-feira	10:00	20:00		ativacao	Óculos oficiais Yopp & UTMB	Gafas oficiales Yopp & UTMB	Official Yopp & UTMB eyewear	Venda dos modelos licenciados oficiais exclusivos Yopp & UTMB: um modelo hexagonal e outro Performance fotocromático.	Venta de los modelos licenciados oficiales exclusivos Yopp & UTMB: uno hexagonal y otro Performance fotocromático.	Sale of the exclusive official licensed Yopp & UTMB models: a hexagonal frame and a photochromic Performance model.	Estande Yopp, F2	Stand Yopp, F2	Yopp booth, F2		Yopp	https://app-utmb.github.io/utmb-paraty-agenda/logos/yopp.png	livre		
at-yopp-oculos-2	2026-09-18	sexta-feira	10:00	21:00		ativacao	Óculos oficiais Yopp & UTMB	Gafas oficiales Yopp & UTMB	Official Yopp & UTMB eyewear	Venda dos modelos licenciados oficiais exclusivos Yopp & UTMB: um modelo hexagonal e outro Performance fotocromático.	Venta de los modelos licenciados oficiales exclusivos Yopp & UTMB: uno hexagonal y otro Performance fotocromático.	Sale of the exclusive official licensed Yopp & UTMB models: a hexagonal frame and a photochromic Performance model.	Estande Yopp, F2	Stand Yopp, F2	Yopp booth, F2		Yopp	https://app-utmb.github.io/utmb-paraty-agenda/logos/yopp.png	livre		
at-yopp-oculos-3	2026-09-19	sabado	10:00	18:00		ativacao	Óculos oficiais Yopp & UTMB	Gafas oficiales Yopp & UTMB	Official Yopp & UTMB eyewear	Venda dos modelos licenciados oficiais exclusivos Yopp & UTMB: um modelo hexagonal e outro Performance fotocromático.	Venta de los modelos licenciados oficiales exclusivos Yopp & UTMB: uno hexagonal y otro Performance fotocromático.	Sale of the exclusive official licensed Yopp & UTMB models: a hexagonal frame and a photochromic Performance model.	Estande Yopp, F2	Stand Yopp, F2	Yopp booth, F2		Yopp	https://app-utmb.github.io/utmb-paraty-agenda/logos/yopp.png	livre		
at-yopp-oculos-4	2026-09-20	domingo	10:00	13:00		ativacao	Óculos oficiais Yopp & UTMB	Gafas oficiales Yopp & UTMB	Official Yopp & UTMB eyewear	Venda dos modelos licenciados oficiais exclusivos Yopp & UTMB: um modelo hexagonal e outro Performance fotocromático.	Venta de los modelos licenciados oficiales exclusivos Yopp & UTMB: uno hexagonal y otro Performance fotocromático.	Sale of the exclusive official licensed Yopp & UTMB models: a hexagonal frame and a photochromic Performance model.	Estande Yopp, F2	Stand Yopp, F2	Yopp booth, F2		Yopp	https://app-utmb.github.io/utmb-paraty-agenda/logos/yopp.png	livre		
at-gu-shake-out-1	2026-09-18	sexta-feira	08:00			ativacao	Shake Out GU	Shake Out GU	GU shake out	Corrida leve de soltura com os géis GU. Apenas para convidados.	Trote suave de soltura con los geles GU. Solo para invitados.	Easy shake out run with GU gels. Invite only.	A confirmar	Por confirmar	To be confirmed		GU		invite		
at-garmin-gpx-1	2026-09-17	quinta-feira	15:00			ativacao	Baixe e configure seu GPX	Descarga y configura tu GPX	Download and set up your GPX	Leve o relógio ao estande da Garmin e saia com o percurso da sua prova configurado.	Lleva tu reloj al stand de Garmin y sal con el recorrido de tu carrera configurado.	Bring your watch to the Garmin booth and leave with your race course set up.	Estande Garmin, C4	Stand Garmin, C4	Garmin booth, C4		Garmin	https://app-utmb.github.io/utmb-paraty-agenda/logos/garmin.png	livre		
at-garmin-gpx-2	2026-09-18	sexta-feira	11:00			ativacao	Baixe e configure seu GPX	Descarga y configura tu GPX	Download and set up your GPX	Leve o relógio ao estande da Garmin e saia com o percurso da sua prova configurado.	Lleva tu reloj al stand de Garmin y sal con el recorrido de tu carrera configurado.	Bring your watch to the Garmin booth and leave with your race course set up.	Estande Garmin, C4	Stand Garmin, C4	Garmin booth, C4		Garmin	https://app-utmb.github.io/utmb-paraty-agenda/logos/garmin.png	livre		
at-garmin-gpx-3	2026-09-19	sabado	11:00			ativacao	Baixe e configure seu GPX	Descarga y configura tu GPX	Download and set up your GPX	Leve o relógio ao estande da Garmin e saia com o percurso da sua prova configurado.	Lleva tu reloj al stand de Garmin y sal con el recorrido de tu carrera configurado.	Bring your watch to the Garmin booth and leave with your race course set up.	Estande Garmin, C4	Stand Garmin, C4	Garmin booth, C4		Garmin	https://app-utmb.github.io/utmb-paraty-agenda/logos/garmin.png	livre		
at-garmin-gpx-tarde-1	2026-09-18	sexta-feira	16:00			ativacao	Baixe e configure seu GPX	Descarga y configura tu GPX	Download and set up your GPX	Leve o relógio ao estande da Garmin e saia com o percurso da sua prova configurado.	Lleva tu reloj al stand de Garmin y sal con el recorrido de tu carrera configurado.	Bring your watch to the Garmin booth and leave with your race course set up.	Estande Garmin, C4	Stand Garmin, C4	Garmin booth, C4		Garmin	https://app-utmb.github.io/utmb-paraty-agenda/logos/garmin.png	livre		
at-shokz-esquenta-1	2026-09-18	sexta-feira	09:00	10:00		ativacao	Esquenta 5k Shokz	Calentamiento 5k Shokz	Shokz 5k warm-up	Vagas limitadas. As primeiras inscrições correm testando o produto, até acabar o estoque. Inscrições no estande da Shokz, B3.	Cupos limitados. Las primeras inscripciones corren probando el producto, hasta agotar stock. Inscripciones en el stand de Shokz, B3.	Limited places. The first sign-ups run testing the product, while stocks last. Sign up at the Shokz booth, B3.	A confirmar	Por confirmar	To be confirmed		Shokz	https://app-utmb.github.io/utmb-paraty-agenda/logos/shokz.png	previa		sim
at-bananinha-degustacao-1	2026-09-17	quinta-feira	10:00	20:00		ativacao	Degustação Bananinha Paraibuna	Degustación Bananinha Paraibuna	Bananinha Paraibuna tasting	Degustação dos produtos no estande.	Degustación de los productos en el stand.	Product tasting at the booth.	Estande Bananinha Paraibuna, E2	Stand Bananinha Paraibuna, E2	Bananinha Paraibuna booth, E2		Bananinha Paraibuna	https://app-utmb.github.io/utmb-paraty-agenda/logos/bananinha.png	livre		
at-bananinha-degustacao-2	2026-09-18	sexta-feira	10:00	21:00		ativacao	Degustação Bananinha Paraibuna	Degustación Bananinha Paraibuna	Bananinha Paraibuna tasting	Degustação dos produtos no estande.	Degustación de los productos en el stand.	Product tasting at the booth.	Estande Bananinha Paraibuna, E2	Stand Bananinha Paraibuna, E2	Bananinha Paraibuna booth, E2		Bananinha Paraibuna	https://app-utmb.github.io/utmb-paraty-agenda/logos/bananinha.png	livre		
at-bananinha-degustacao-3	2026-09-19	sabado	10:00	18:00		ativacao	Degustação Bananinha Paraibuna	Degustación Bananinha Paraibuna	Bananinha Paraibuna tasting	Degustação dos produtos no estande.	Degustación de los productos en el stand.	Product tasting at the booth.	Estande Bananinha Paraibuna, E2	Stand Bananinha Paraibuna, E2	Bananinha Paraibuna booth, E2		Bananinha Paraibuna	https://app-utmb.github.io/utmb-paraty-agenda/logos/bananinha.png	livre		
at-bananinha-degustacao-4	2026-09-20	domingo	10:00	13:00		ativacao	Degustação Bananinha Paraibuna	Degustación Bananinha Paraibuna	Bananinha Paraibuna tasting	Degustação dos produtos no estande.	Degustación de los productos en el stand.	Product tasting at the booth.	Estande Bananinha Paraibuna, E2	Stand Bananinha Paraibuna, E2	Bananinha Paraibuna booth, E2		Bananinha Paraibuna	https://app-utmb.github.io/utmb-paraty-agenda/logos/bananinha.png	livre		
at-drpeanut-canoa-1	2026-09-17	quinta-feira	10:00	20:00		ativacao	Ativação com canoa havaiana	Activación con canoa hawaiana	Outrigger canoe activation	Ativação da DR PEANUT com canoa havaiana nos dias de evento. Local e horários a confirmar.	Activación de DR PEANUT con canoa hawaiana en los días del evento. Lugar y horarios por confirmar.	DR PEANUT outrigger canoe activation during the event. Venue and times to be confirmed.	A confirmar	Por confirmar	To be confirmed		DR PEANUT	https://app-utmb.github.io/utmb-paraty-agenda/logos/dr-peanut.png	livre		
at-drpeanut-canoa-2	2026-09-18	sexta-feira	10:00	21:00		ativacao	Ativação com canoa havaiana	Activación con canoa hawaiana	Outrigger canoe activation	Ativação da DR PEANUT com canoa havaiana nos dias de evento. Local e horários a confirmar.	Activación de DR PEANUT con canoa hawaiana en los días del evento. Lugar y horarios por confirmar.	DR PEANUT outrigger canoe activation during the event. Venue and times to be confirmed.	A confirmar	Por confirmar	To be confirmed		DR PEANUT	https://app-utmb.github.io/utmb-paraty-agenda/logos/dr-peanut.png	livre		
at-drpeanut-canoa-3	2026-09-19	sabado	10:00	18:00		ativacao	Ativação com canoa havaiana	Activación con canoa hawaiana	Outrigger canoe activation	Ativação da DR PEANUT com canoa havaiana nos dias de evento. Local e horários a confirmar.	Activación de DR PEANUT con canoa hawaiana en los días del evento. Lugar y horarios por confirmar.	DR PEANUT outrigger canoe activation during the event. Venue and times to be confirmed.	A confirmar	Por confirmar	To be confirmed		DR PEANUT	https://app-utmb.github.io/utmb-paraty-agenda/logos/dr-peanut.png	livre		
at-drpeanut-canoa-4	2026-09-20	domingo	10:00	13:00		ativacao	Ativação com canoa havaiana	Activación con canoa hawaiana	Outrigger canoe activation	Ativação da DR PEANUT com canoa havaiana nos dias de evento. Local e horários a confirmar.	Activación de DR PEANUT con canoa hawaiana en los días del evento. Lugar y horarios por confirmar.	DR PEANUT outrigger canoe activation during the event. Venue and times to be confirmed.	A confirmar	Por confirmar	To be confirmed		DR PEANUT	https://app-utmb.github.io/utmb-paraty-agenda/logos/dr-peanut.png	livre		
at-liquidz-sabor-1	2026-09-17	quinta-feira	10:00	20:00		ativacao	Degustação do novo sabor	Degustación del nuevo sabor	New flavour tasting	O sabor só é lançado em 22 de setembro. Aqui dá para provar e comprar antes de todo mundo.	El sabor se lanza el 22 de septiembre. Aquí puedes probarlo y comprarlo antes que todos.	The flavour launches on 22 September. Here you can taste and buy it before anyone else.	Estande Liquidz, C5	Stand Liquidz, C5	Liquidz booth, C5		Liquidz	https://app-utmb.github.io/utmb-paraty-agenda/logos/liquidz.png	livre		sim
at-liquidz-sabor-2	2026-09-18	sexta-feira	10:00	21:00		ativacao	Degustação do novo sabor	Degustación del nuevo sabor	New flavour tasting	O sabor só é lançado em 22 de setembro. Aqui dá para provar e comprar antes de todo mundo.	El sabor se lanza el 22 de septiembre. Aquí puedes probarlo y comprarlo antes que todos.	The flavour launches on 22 September. Here you can taste and buy it before anyone else.	Estande Liquidz, C5	Stand Liquidz, C5	Liquidz booth, C5		Liquidz	https://app-utmb.github.io/utmb-paraty-agenda/logos/liquidz.png	livre		sim
at-liquidz-sabor-3	2026-09-19	sabado	10:00	18:00		ativacao	Degustação do novo sabor	Degustación del nuevo sabor	New flavour tasting	O sabor só é lançado em 22 de setembro. Aqui dá para provar e comprar antes de todo mundo.	El sabor se lanza el 22 de septiembre. Aquí puedes probarlo y comprarlo antes que todos.	The flavour launches on 22 September. Here you can taste and buy it before anyone else.	Estande Liquidz, C5	Stand Liquidz, C5	Liquidz booth, C5		Liquidz	https://app-utmb.github.io/utmb-paraty-agenda/logos/liquidz.png	livre		sim
at-liquidz-sabor-4	2026-09-20	domingo	10:00	13:00		ativacao	Degustação do novo sabor	Degustación del nuevo sabor	New flavour tasting	O sabor só é lançado em 22 de setembro. Aqui dá para provar e comprar antes de todo mundo.	El sabor se lanza el 22 de septiembre. Aquí puedes probarlo y comprarlo antes que todos.	The flavour launches on 22 September. Here you can taste and buy it before anyone else.	Estande Liquidz, C5	Stand Liquidz, C5	Liquidz booth, C5		Liquidz	https://app-utmb.github.io/utmb-paraty-agenda/logos/liquidz.png	livre		sim
at-liquidz-hidratacao-1	2026-09-17	quinta-feira	14:00	18:00		ativacao	Teste de hidratação	Test de hidratación	Hydration test	Nutricionista no estande testando a hidratação dos atletas e falando sobre eletrólitos no endurance.	Nutricionista en el stand midiendo la hidratación y hablando de electrolitos en el endurance.	A nutritionist at the booth testing hydration and explaining electrolytes in endurance.	Estande Liquidz, C5	Stand Liquidz, C5	Liquidz booth, C5		Liquidz	https://app-utmb.github.io/utmb-paraty-agenda/logos/liquidz.png	livre		sim
at-liquidz-samples-1	2026-09-17	quinta-feira	10:00	20:00		ativacao	Cadastro e samples	Registro y muestras	Sign up and samples	Cadastre-se no estande e leve amostras da marca, incluindo o sabor novo.	Regístrate en el stand y llévate muestras, incluido el sabor nuevo.	Sign up at the booth and take samples, including the new flavour.	Estande Liquidz, C5	Stand Liquidz, C5	Liquidz booth, C5		Liquidz	https://app-utmb.github.io/utmb-paraty-agenda/logos/liquidz.png	livre		
at-liquidz-samples-2	2026-09-18	sexta-feira	10:00	21:00		ativacao	Cadastro e samples	Registro y muestras	Sign up and samples	Cadastre-se no estande e leve amostras da marca, incluindo o sabor novo.	Regístrate en el stand y llévate muestras, incluido el sabor nuevo.	Sign up at the booth and take samples, including the new flavour.	Estande Liquidz, C5	Stand Liquidz, C5	Liquidz booth, C5		Liquidz	https://app-utmb.github.io/utmb-paraty-agenda/logos/liquidz.png	livre		
at-liquidz-samples-3	2026-09-19	sabado	10:00	18:00		ativacao	Cadastro e samples	Registro y muestras	Sign up and samples	Cadastre-se no estande e leve amostras da marca, incluindo o sabor novo.	Regístrate en el stand y llévate muestras, incluido el sabor nuevo.	Sign up at the booth and take samples, including the new flavour.	Estande Liquidz, C5	Stand Liquidz, C5	Liquidz booth, C5		Liquidz	https://app-utmb.github.io/utmb-paraty-agenda/logos/liquidz.png	livre		
at-liquidz-samples-4	2026-09-20	domingo	10:00	13:00		ativacao	Cadastro e samples	Registro y muestras	Sign up and samples	Cadastre-se no estande e leve amostras da marca, incluindo o sabor novo.	Regístrate en el stand y llévate muestras, incluido el sabor nuevo.	Sign up at the booth and take samples, including the new flavour.	Estande Liquidz, C5	Stand Liquidz, C5	Liquidz booth, C5		Liquidz	https://app-utmb.github.io/utmb-paraty-agenda/logos/liquidz.png	livre		
at-aimo-qrcode-1	2026-09-17	quinta-feira	10:00	20:00		ativacao	QR code de 10% e sorteio de bonés	QR de 10% y sorteo de gorras	10% QR code and cap giveaway	Leia o QR code no estande para 10% de desconto. Dois bonés são sorteados entre os cadastrados.	Escanea el QR en el stand para 10% de descuento. Se sortean dos gorras entre los registrados.	Scan the QR code at the booth for 10% off. Two caps are raffled among those who sign up.	Estande AIMO, E3	Stand AIMO, E3	AIMO booth, E3		AIMO	https://app-utmb.github.io/utmb-paraty-agenda/logos/aimo.png	livre		sim
at-aimo-qrcode-2	2026-09-18	sexta-feira	10:00	21:00		ativacao	QR code de 10% e sorteio de bonés	QR de 10% y sorteo de gorras	10% QR code and cap giveaway	Leia o QR code no estande para 10% de desconto. Dois bonés são sorteados entre os cadastrados.	Escanea el QR en el stand para 10% de descuento. Se sortean dos gorras entre los registrados.	Scan the QR code at the booth for 10% off. Two caps are raffled among those who sign up.	Estande AIMO, E3	Stand AIMO, E3	AIMO booth, E3		AIMO	https://app-utmb.github.io/utmb-paraty-agenda/logos/aimo.png	livre		sim
at-aimo-qrcode-3	2026-09-19	sabado	10:00	18:00		ativacao	QR code de 10% e sorteio de bonés	QR de 10% y sorteo de gorras	10% QR code and cap giveaway	Leia o QR code no estande para 10% de desconto. Dois bonés são sorteados entre os cadastrados.	Escanea el QR en el stand para 10% de descuento. Se sortean dos gorras entre los registrados.	Scan the QR code at the booth for 10% off. Two caps are raffled among those who sign up.	Estande AIMO, E3	Stand AIMO, E3	AIMO booth, E3		AIMO	https://app-utmb.github.io/utmb-paraty-agenda/logos/aimo.png	livre		sim
at-aimo-qrcode-4	2026-09-20	domingo	10:00	13:00		ativacao	QR code de 10% e sorteio de bonés	QR de 10% y sorteo de gorras	10% QR code and cap giveaway	Leia o QR code no estande para 10% de desconto. Dois bonés são sorteados entre os cadastrados.	Escanea el QR en el stand para 10% de descuento. Se sortean dos gorras entre los registrados.	Scan the QR code at the booth for 10% off. Two caps are raffled among those who sign up.	Estande AIMO, E3	Stand AIMO, E3	AIMO booth, E3		AIMO	https://app-utmb.github.io/utmb-paraty-agenda/logos/aimo.png	livre		sim
at-aimo-camiseta-1	2026-09-17	quinta-feira	10:00	20:00		ativacao	Camiseta de edição limitada	Camiseta de edición limitada	Limited edition tee	Souvenir AIMO do Paraty Brazil by UTMB, com customização feita na hora no estande.	Souvenir AIMO del Paraty Brazil by UTMB, personalizada en el momento.	AIMO souvenir of Paraty Brazil by UTMB, customised on the spot.	Estande AIMO, E3	Stand AIMO, E3	AIMO booth, E3		AIMO	https://app-utmb.github.io/utmb-paraty-agenda/logos/aimo.png	livre		
at-aimo-camiseta-2	2026-09-18	sexta-feira	10:00	21:00		ativacao	Camiseta de edição limitada	Camiseta de edición limitada	Limited edition tee	Souvenir AIMO do Paraty Brazil by UTMB, com customização feita na hora no estande.	Souvenir AIMO del Paraty Brazil by UTMB, personalizada en el momento.	AIMO souvenir of Paraty Brazil by UTMB, customised on the spot.	Estande AIMO, E3	Stand AIMO, E3	AIMO booth, E3		AIMO	https://app-utmb.github.io/utmb-paraty-agenda/logos/aimo.png	livre		
at-aimo-camiseta-3	2026-09-19	sabado	10:00	18:00		ativacao	Camiseta de edição limitada	Camiseta de edición limitada	Limited edition tee	Souvenir AIMO do Paraty Brazil by UTMB, com customização feita na hora no estande.	Souvenir AIMO del Paraty Brazil by UTMB, personalizada en el momento.	AIMO souvenir of Paraty Brazil by UTMB, customised on the spot.	Estande AIMO, E3	Stand AIMO, E3	AIMO booth, E3		AIMO	https://app-utmb.github.io/utmb-paraty-agenda/logos/aimo.png	livre		
at-aimo-camiseta-4	2026-09-20	domingo	10:00	13:00		ativacao	Camiseta de edição limitada	Camiseta de edición limitada	Limited edition tee	Souvenir AIMO do Paraty Brazil by UTMB, com customização feita na hora no estande.	Souvenir AIMO del Paraty Brazil by UTMB, personalizada en el momento.	AIMO souvenir of Paraty Brazil by UTMB, customised on the spot.	Estande AIMO, E3	Stand AIMO, E3	AIMO booth, E3		AIMO	https://app-utmb.github.io/utmb-paraty-agenda/logos/aimo.png	livre		
at-runlastic-brindes-1	2026-09-17	quinta-feira	10:00	20:00		ativacao	Brindes Runlastic	Regalos Runlastic	Runlastic giveaways	Brindes no estande durante o horario da Expo.	Regalos en el stand durante el horario de la Expo.	Giveaways at the booth during Expo hours.	Estande Runlastic, D7	Stand Runlastic, D7	Runlastic booth, D7		Runlastic	https://app-utmb.github.io/utmb-paraty-agenda/logos/runlastic.png	livre		
at-runlastic-brindes-2	2026-09-18	sexta-feira	10:00	21:00		ativacao	Brindes Runlastic	Regalos Runlastic	Runlastic giveaways	Brindes no estande durante o horario da Expo.	Regalos en el stand durante el horario de la Expo.	Giveaways at the booth during Expo hours.	Estande Runlastic, D7	Stand Runlastic, D7	Runlastic booth, D7		Runlastic	https://app-utmb.github.io/utmb-paraty-agenda/logos/runlastic.png	livre		
at-runlastic-brindes-3	2026-09-19	sabado	10:00	18:00		ativacao	Brindes Runlastic	Regalos Runlastic	Runlastic giveaways	Brindes no estande durante o horario da Expo.	Regalos en el stand durante el horario de la Expo.	Giveaways at the booth during Expo hours.	Estande Runlastic, D7	Stand Runlastic, D7	Runlastic booth, D7		Runlastic	https://app-utmb.github.io/utmb-paraty-agenda/logos/runlastic.png	livre		
at-runlastic-brindes-4	2026-09-20	domingo	10:00	13:00		ativacao	Brindes Runlastic	Regalos Runlastic	Runlastic giveaways	Brindes no estande durante o horario da Expo.	Regalos en el stand durante el horario de la Expo.	Giveaways at the booth during Expo hours.	Estande Runlastic, D7	Stand Runlastic, D7	Runlastic booth, D7		Runlastic	https://app-utmb.github.io/utmb-paraty-agenda/logos/runlastic.png	livre		
at-tricky-barrinhas-1	2026-09-17	quinta-feira	10:00	20:00		ativacao	Degustação de barrinhas de carbo	Degustación de barras de carbo	Carb bar tasting	Prove as barrinhas no estande da Tricky.	Prueba las barras en el stand de Tricky.	Try the bars at the Tricky booth.	Estande Tricky, E9	Stand Tricky, E9	Tricky booth, E9		Tricky	https://app-utmb.github.io/utmb-paraty-agenda/logos/tricky.png	livre		
at-tricky-barrinhas-2	2026-09-18	sexta-feira	10:00	21:00		ativacao	Degustação de barrinhas de carbo	Degustación de barras de carbo	Carb bar tasting	Prove as barrinhas no estande da Tricky.	Prueba las barras en el stand de Tricky.	Try the bars at the Tricky booth.	Estande Tricky, E9	Stand Tricky, E9	Tricky booth, E9		Tricky	https://app-utmb.github.io/utmb-paraty-agenda/logos/tricky.png	livre		
at-tricky-barrinhas-3	2026-09-19	sabado	10:00	18:00		ativacao	Degustação de barrinhas de carbo	Degustación de barras de carbo	Carb bar tasting	Prove as barrinhas no estande da Tricky.	Prueba las barras en el stand de Tricky.	Try the bars at the Tricky booth.	Estande Tricky, E9	Stand Tricky, E9	Tricky booth, E9		Tricky	https://app-utmb.github.io/utmb-paraty-agenda/logos/tricky.png	livre		
at-tricky-barrinhas-4	2026-09-20	domingo	10:00	13:00		ativacao	Degustação de barrinhas de carbo	Degustación de barras de carbo	Carb bar tasting	Prove as barrinhas no estande da Tricky.	Prueba las barras en el stand de Tricky.	Try the bars at the Tricky booth.	Estande Tricky, E9	Stand Tricky, E9	Tricky booth, E9		Tricky	https://app-utmb.github.io/utmb-paraty-agenda/logos/tricky.png	livre		
talk-fotop-foto	2026-09-17	quinta-feira	18:00	18:30		talks	Muito além da foto	Mucho más que la foto	Far beyond the photo	Como os cliques criam conexão, memória e valor no trail running. Com Cris Savieto, diretora comercial, e Vandrei Stephani, gestor de eventos.	Cómo los clics crean conexión, memoria y valor en el trail running. Con Cris Savieto, directora comercial, y Vandrei Stephani, gestor de eventos.	How photos create connection, memory and value in trail running. With Cris Savieto, sales director, and Vandrei Stephani, events manager.	Palco Expo	Escenario Expo	Expo Stage	Cris Savieto e Vandrei Stephani	FOTOP	https://app-utmb.github.io/utmb-paraty-agenda/logos/fotop.png	livre		
talk-sustentabilidade	2026-09-17	quinta-feira	18:30			talks	Rede de ações de sustentabilidade local	Red de acciones de sostenibilidad local	Local sustainability action network	Mediação de Marina Reia. Na mesa: Geisa (Liga da Justiça e Caiçara em Chamonix), Cristina (líder da cooperativa de recicláveis de Paraty), Clara (mobilização da agricultura familiar local), ONG SOS Mata Atlântica, Eder (chefe de Uso Público do NGI Paraty e Parque Nacional da Serra da Bocaina) e Fernando (coordenador de Uso Público do ICMBio em Brasília).	Moderación de Marina Reia. En la mesa: Geisa (Liga da Justiça y Caiçara en Chamonix), Cristina (líder de la cooperativa de reciclables de Paraty), Clara (movilización de la agricultura familiar local), ONG SOS Mata Atlântica, Eder (jefe de Uso Público del NGI Paraty y Parque Nacional da Serra da Bocaina) y Fernando (coordinador de Uso Público del ICMBio en Brasilia).	Moderated by Marina Reia. On the panel: Geisa (Liga da Justiça and Caiçara in Chamonix), Cristina (leader of the Paraty recycling cooperative), Clara (local family farming mobilisation), the NGO SOS Mata Atlântica, Eder (head of Public Use at NGI Paraty and Serra da Bocaina National Park) and Fernando (Public Use coordinator at ICMBio in Brasília).	Palco Expo	Escenario Expo	Expo Stage	Mediação de Marina Reia	Paraty Brazil by UTMB; SOS Mata Atlântica		livre		
talk-liquidz-hidratacao	2026-09-18	sexta-feira	14:00	14:15		talks	Hidratação funcional	Hidratación funcional	Functional hydration	Estratégias práticas de hidratação para o Paraty Brazil by UTMB.	Estrategias prácticas de hidratación para el Paraty Brazil by UTMB.	Practical hydration strategies for Paraty Brazil by UTMB.	Palco Expo	Escenario Expo	Expo Stage	Talita Cristina	Liquidz	https://app-utmb.github.io/utmb-paraty-agenda/logos/liquidz.png	livre		
filme-tala	2026-09-18	sexta-feira	13:00	13:15		filmes	Tala	Tala	Tala	Exibição do filme com Fernanda Maciel.	Proyección de la película con Fernanda Maciel.	Screening of the film with Fernanda Maciel.	Palco Expo	Escenario Expo	Expo Stage	Fernanda Maciel			livre		